Store_ID,Store_Name,Store_Size,Store_Address,Store_City,Store_State,Store_Zip,Store_Phone_Number,s,467,s,813,s,5554,s,212,s,77,s,93,s,611,s,712,s,89,s,10001,s,887,s,655
1,Chris\'s Corner,Large,467 Thunderbirds Way,Springfield,MA,01199,(413) 555-9356
2,Sheffi\'s Store,Medium,813 Suns Drive,Pittsfield,MA,01201,(413) 555-3823
3,Eva\'s Extravaganza,Small,5554 Rawhide Road,Boylston,MA,01505,(508) 555-1897
4,Ahmad\'s Alley,Medium,212 Bravehearts Street,Worcester,MA,01602,(774) 555-0421
5,Delio\'s Deli,Medium,77 Senators Drive,Framingham,MA,01701,(508) 555-0972
6,Mary\'s Market,Small,93 Spinners Road,Lowell,MA,01852,(978) 555-6643
7,Emma\'s Emporium,Medium,611 Pelican Street,Newburyport,MA,01950,(978) 555-9145
8,Marty\'s Mart,Small,712 Witches Way,Salem,MA,01970,(351) 555-1320
9,Brian\'s Bazaar,Large,89 Nava Road,Boston,MA,02108,(617) 555-4221
10,Sally\'s Shop,Large,10001 Main Street,Somerville,MA,02143,(617) 555-8800
11,Bill\'s Barter,Medium,887 Navigators Street,Malden,MA,02148,(781) 555-3390
12,Eddy\'s Exchange,Medium,655 Pesky Drive,Boston,MA,02210,(617) 555-2121
